route,http_status,content_authority,cms_type,cms_path,title,description,review_status,production_change_verified
/en,200,REPOSITORY_AUTHORITATIVE,page,/,"Blue Diamond Medical Clinic — Family Medicine & Medical Aesthetics, Calgary","Family medicine, walk-in care, and physician-led medical aesthetics at Blue Diamond Medical Clinic in West Springs, Calgary. Male and female physicians accepting new patients.",REVIEW_IN_PROGRESS,NO
/en/about,200,REPOSITORY_AUTHORITATIVE,page,/about,About Blue Diamond Medical · Blue Diamond Medical,"Blue Diamond Medical Clinic's mission, founded by Dr. Mohamed Farhat in West Springs, Calgary, in 2022.",REVIEW_IN_PROGRESS,NO
/en/aesthetics,200,REPOSITORY_AUTHORITATIVE,page,/aesthetics,Medical Aesthetics · Blue Diamond Medical,"Physician-led medical aesthetics at Blue Diamond Medical — RF microneedling, skin tightening, laser treatments, and Botox, delivered by the same clinical team.",REVIEW_IN_PROGRESS,NO
/en/aesthetics/before-after,200,REPOSITORY_AUTHORITATIVE,,,Before & After · Blue Diamond Medical,"Before-and-after examples from laser, radiofrequency, and PRP treatments at Blue Diamond Medical Aesthetics in Calgary. Individual results vary.",REVIEW_IN_PROGRESS,NO
/en/aesthetics/pricing,200,REPOSITORY_AUTHORITATIVE,,,Aesthetics Pricing · Blue Diamond Medical,"Current pricing for laser, radiofrequency, microneedling, and PRP treatments at Blue Diamond Medical Aesthetics in Calgary, listed by treatment area.",REVIEW_IN_PROGRESS,NO
/en/aesthetics/technologies,200,REPOSITORY_AUTHORITATIVE,page,/aesthetics/technologies,Technologies · Blue Diamond Medical,"The Cynosure devices used at Blue Diamond Medical Aesthetics in Calgary — Elite iQ, Potenza, TempSure, Ultra, and TempSure Vitalia — and the treatments each one supports.",REVIEW_IN_PROGRESS,NO
/en/aesthetics/technologies/elite-iq,200,CMS_AUTHORITATIVE,content_entry,/aesthetics/technologies/elite-iq,Elite iQ™ · Blue Diamond Medical,"Cynosure's Elite iQ™ device offers quick, personalized laser hair treatments using the Skintel™ device — the first Health Canada and FDA cleared melanin reader on the market — allowing safe treatment of all skin types and areas.",REVIEW_IN_PROGRESS,NO
/en/aesthetics/technologies/potenza,200,CMS_AUTHORITATIVE,content_entry,/aesthetics/technologies/potenza,Potenza · Blue Diamond Medical,"A one-of-a-kind radio-frequency micro-needling system, ideal for skin tightening and smoothing all over the body — for fine lines or tightening after rapid weight loss or post-birth.",REVIEW_IN_PROGRESS,NO
/en/aesthetics/technologies/tempsure,200,CMS_AUTHORITATIVE,content_entry,/aesthetics/technologies/tempsure,TempSure · Blue Diamond Medical,"A non-invasive tool for tightening and firming skin all over the body, with zero downtime.",REVIEW_IN_PROGRESS,NO
/en/aesthetics/technologies/tempsure-vitalia,200,CMS_AUTHORITATIVE,content_entry,/aesthetics/technologies/tempsure-vitalia,TempSure Vitalia · Blue Diamond Medical,Equipment addressing many pelvic floor issues and sexual health concerns women experience at all ages and stages of life.,REVIEW_IN_PROGRESS,NO
/en/aesthetics/technologies/ultra,200,CMS_AUTHORITATIVE,content_entry,/aesthetics/technologies/ultra,Ultra · Blue Diamond Medical,"A low-downtime laser that rejuvenates skin, giving it a brighter tone and improved texture, with treatments customized to your needs and schedule.",REVIEW_IN_PROGRESS,NO
/en/aesthetics/treatments,200,REPOSITORY_AUTHORITATIVE,page,/aesthetics/treatments,Treatments · Blue Diamond Medical,"Choose what you'd like to treat — unwanted hair, hair loss, acne scars, redness, fine lines, skin laxity and more — and see the physician-led treatment options Blue Diamond Medical offers for it.",REVIEW_IN_PROGRESS,NO
/en/aesthetics/treatments/acne-scars,200,CMS_AUTHORITATIVE,content_entry,/aesthetics/concerns/acne-scars,Acne Scars · Blue Diamond Medical,"Comprehensive care for acne scarring — medical consultations, prescriptions where necessary, and RF micro-needling and laser treatments to reduce scarring, under the supervision of one of our physicians.",REVIEW_IN_PROGRESS,NO
/en/aesthetics/treatments/dry-skin,200,CMS_AUTHORITATIVE,content_entry,/aesthetics/concerns/dry-skin,Dry Skin · Blue Diamond Medical,Calgary's climate is unusually harsh on skin. Using RF micro-needling to infuse topicals — including moisturizers and pigment regulators — we help skin stay nourished and glowing for months after treatment.,REVIEW_IN_PROGRESS,NO
/en/aesthetics/treatments/fine-lines-wrinkles,200,CMS_AUTHORITATIVE,content_entry,/aesthetics/concerns/fine-lines-wrinkles,Fine Lines & Wrinkles · Blue Diamond Medical,"State-of-the-art technologies to smooth and erase fine lines and wrinkles, alongside skin-tightening options for all skin types — bespoke treatments as individual as you are.",REVIEW_IN_PROGRESS,NO
/en/aesthetics/treatments/hair-loss,200,REPOSITORY_AUTHORITATIVE,,,Hair Loss · Blue Diamond Medical,"Thinning hair and early hair loss affect both men and women, and often begin gradually enough that they are noticed first in a mirror or a photograph. Blue Diamond Medical offers PRP hair restoration, performed by Dr. Farhat, which may support fuller growth. A consultation establishes the likely cause before any treatment is planned.",REVIEW_IN_PROGRESS,NO
/en/aesthetics/treatments/laser-hair-removal,200,CMS_AUTHORITATIVE,content_entry,/aesthetics/treatments/laser-hair-removal,Laser Hair Removal · Blue Diamond Medical,Long-lasting hair reduction anywhere on the body using the Cynosure Elite+™ laser system.,REVIEW_IN_PROGRESS,NO
/en/aesthetics/treatments/laser-skin-treatments,200,CMS_AUTHORITATIVE,content_entry,/aesthetics/treatments/laser-skin-treatments,Laser Skin Treatments · Blue Diamond Medical,"State-of-the-art laser equipment for smoother complexions, brightening damaged skin, removing benign pigmented lesions, and treating face and leg veins.",REVIEW_IN_PROGRESS,NO
/en/aesthetics/treatments/prp-hair-restoration,200,CMS_AUTHORITATIVE,content_entry,/aesthetics/treatments/prp-hair-restoration,PRP Hair Restoration · Blue Diamond Medical,"Platelet-Rich Plasma injected into the scalp to stimulate inactive hair follicles and promote denser, fuller hair growth — performed by Dr. Farhat.",REVIEW_IN_PROGRESS,NO
/en/aesthetics/treatments/prp-skin-rejuvenation,200,CMS_AUTHORITATIVE,content_entry,/aesthetics/treatments/prp-skin-rejuvenation,PRP Skin Rejuvenation · Blue Diamond Medical,"PRP used topically or via microinjections to smooth fine lines and wrinkles, improve tone and elasticity, and reduce acne scars and pigmentation — often called the ""vampire facial.""",REVIEW_IN_PROGRESS,NO
/en/aesthetics/treatments/radio-frequency,200,CMS_AUTHORITATIVE,content_entry,/aesthetics/treatments/radio-frequency,Radio Frequency · Blue Diamond Medical,"Non-invasive tightening and smoothing of skin all over the body using RF waves (TempSure), improving tone and reducing the appearance of fine lines and wrinkles.",REVIEW_IN_PROGRESS,NO
/en/aesthetics/treatments/razor-bumps,200,CMS_AUTHORITATIVE,content_entry,/aesthetics/concerns/razor-bumps,Razor Bumps · Blue Diamond Medical,"Uncomfortable and prone to infection when combined with ingrown hairs. Our technologies can remove razor bumps, treat the underlying cause, and give you smoother, softer skin with minimally invasive treatment.",REVIEW_IN_PROGRESS,NO
/en/aesthetics/treatments/rf-microneedling,200,CMS_AUTHORITATIVE,content_entry,/aesthetics/treatments/rf-microneedling,RF Microneedling · Blue Diamond Medical,The Potenza RF microneedling system adds radiofrequency energy to mechanical microneedling for enhanced skin tightening alongside the benefits of micro-injury stimulation.,REVIEW_IN_PROGRESS,NO
/en/aesthetics/treatments/rosacea-redness,200,CMS_AUTHORITATIVE,content_entry,/aesthetics/concerns/rosacea-redness,Rosacea & Redness · Blue Diamond Medical,"The gentle flush of rosacea can escalate into redness that's distressing to live with. We take a holistic approach, starting with a full medical consultation to discuss what can be achieved — laser treatments often work best for this condition.",REVIEW_IN_PROGRESS,NO
/en/aesthetics/treatments/skin-laxity,200,CMS_AUTHORITATIVE,content_entry,/aesthetics/concerns/skin-laxity,Skin Laxity · Blue Diamond Medical,"Radio-frequency waves promote collagen and elastin production to tighten and smooth skin all over the body — a quick, pain-free treatment (about 15 minutes) with easy, visible results and no downtime.",REVIEW_IN_PROGRESS,NO
/en/aesthetics/treatments/skin-revitalization,200,CMS_AUTHORITATIVE,content_entry,/aesthetics/concerns/skin-revitalization,Skin Revitalization · Blue Diamond Medical,"Harsh weather and daily stresses can leave skin looking tired. We can refresh skin in under 45 minutes, exposing a natural glow and reducing the appearance of fine lines and wrinkles.",REVIEW_IN_PROGRESS,NO
/en/aesthetics/treatments/spider-veins,200,CMS_AUTHORITATIVE,content_entry,/aesthetics/concerns/spider-veins,Spider Veins · Blue Diamond Medical,"Damaged blood vessels under the skin that can appear red, blue, or purple — generally harmless but unsightly. Laser treatments can remove them from anywhere on the body quickly and painlessly.",REVIEW_IN_PROGRESS,NO
/en/aesthetics/treatments/sun-damage-pigmentation,200,CMS_AUTHORITATIVE,content_entry,/aesthetics/concerns/sun-damage-pigmentation,Sun Damage & Pigmentation · Blue Diamond Medical,Sun spots and liver spots from time in the sun can be easily reduced using our state-of-the-art laser technologies.,REVIEW_IN_PROGRESS,NO
/en/aesthetics/treatments/tempsure-vitalia,200,CMS_AUTHORITATIVE,content_entry,/aesthetics/treatments/tempsure-vitalia,TempSure Vitalia · Blue Diamond Medical,"Equipment addressing many pelvic floor issues and sexual health concerns that women experience at all ages and stages of life — roughly 1 in 3 women, often in silence.",REVIEW_IN_PROGRESS,NO
/en/aesthetics/treatments/ultra,200,CMS_AUTHORITATIVE,content_entry,/aesthetics/treatments/ultra,Ultra Treatment · Blue Diamond Medical,"A low-downtime laser that rejuvenates the skin, giving it a brighter tone and improved texture — treating mild to moderate age spots, freckles, sun spots, pigmented lesions, sun damage, actinic keratosis, melasma, and postinflammatory hyperpigmentation.",REVIEW_IN_PROGRESS,NO
/en/aesthetics/treatments/unwanted-hair,200,REPOSITORY_AUTHORITATIVE,,,Unwanted Hair · Blue Diamond Medical,"Shaving, waxing, plucking, and depilatories are time-consuming and give only temporary results. Laser hair removal at Blue Diamond Medical offers long-lasting reduction anywhere on the body, and the Skintel™ melanin reader allows the laser to be set safely for all skin types.",REVIEW_IN_PROGRESS,NO
/en/book-appointment,200,REPOSITORY_AUTHORITATIVE,,,Book an Appointment · Blue Diamond Medical,"Book with your family doctor, come in as a walk-in, arrange an eye screening, or request a medical aesthetics consultation at Blue Diamond Medical Clinic in Calgary.",REVIEW_IN_PROGRESS,NO
/en/botox,200,REPOSITORY_AUTHORITATIVE,,,Botox · Blue Diamond Medical,"Medical Botox for migraine, hyperhidrosis, and bruxism at Blue Diamond Medical Clinic. Cosmetic Botox is provided by Dr. Mohamed Farhat and Dr. Reem Hamdi.",REVIEW_IN_PROGRESS,NO
/en/careers,200,REPOSITORY_AUTHORITATIVE,page,/careers,Careers at Blue Diamond Medical | Join Our Team,Join Blue Diamond Medical in Calgary. We welcome qualified medical professionals committed to exceptional patient care and personal well-being.,REVIEW_IN_PROGRESS,NO
/en/contact,200,REPOSITORY_AUTHORITATIVE,page,/contact,Contact Us · Blue Diamond Medical,"Contact Blue Diamond Medical Clinic in West Springs, Calgary — address, phone, fax, and hours.",REVIEW_IN_PROGRESS,NO
/en/health-hub,200,REPOSITORY_AUTHORITATIVE,,,Health Hub · Blue Diamond Medical,"Guidance from the Blue Diamond Medical clinical team on family health, women's health, mental health, and medical aesthetics.",REVIEW_IN_PROGRESS,NO
/en/medical,200,REPOSITORY_AUTHORITATIVE,page,/medical,Medical Care · Blue Diamond Medical,"Family medicine, walk-in care, and AHS-insured services at Blue Diamond Medical Clinic in West Springs, Calgary.",REVIEW_IN_PROGRESS,NO
/en/medical/after-hours-care,200,CMS_AUTHORITATIVE,content_entry,/medical/after-hours-care,After-Hours Care · Blue Diamond Medical,"When the clinic is closed, our patients are referred to a partner Primary Care Network for urgent, non-emergency needs — not left without a path to care.",REVIEW_IN_PROGRESS,NO
/en/medical/chronic-disease-management,200,CMS_AUTHORITATIVE,content_entry,/medical/chronic-disease-management,Chronic Disease Management · Blue Diamond Medical,"AHS-insured, ongoing management of chronic conditions through your family physician. Any Blue Diamond family physician can provide chronic-disease management.",REVIEW_IN_PROGRESS,NO
/en/medical/eye-screening,200,CMS_AUTHORITATIVE,content_entry,/medical/eye-screening,Eye Disease Screening · Blue Diamond Medical,A collaboration with Euclid Telehealth offering AHS-covered eye disease screening at our clinic — in keeping with our belief that prevention is better than cure.,REVIEW_IN_PROGRESS,NO
/en/medical/minor-procedures,200,CMS_AUTHORITATIVE,content_entry,/medical/minor-procedures,Minor Procedures · Blue Diamond Medical,"AHS-insured minor procedures performed in-house — suture removal and application, minor skin lesion excision, and joint injections. All of our family physicians provide these procedures. Minor procedures are booked by phone or in person, not online.",REVIEW_IN_PROGRESS,NO
/en/medical/pain-management,200,CMS_AUTHORITATIVE,content_entry,/medical/pain-management,Pain Management · Blue Diamond Medical,AHS-insured pain management support from your family physician.,REVIEW_IN_PROGRESS,NO
/en/medical/preventive-care,200,CMS_AUTHORITATIVE,content_entry,/medical/preventive-care,Preventive Care · Blue Diamond Medical,"""Prevention is better than cure"" is at the core of how we practice — from vaccination to Dr. Saeed's clinical focus on preventive medicine and early intervention.",REVIEW_IN_PROGRESS,NO
/en/medical/uninsured-services,200,REPOSITORY_AUTHORITATIVE,,,Uninsured Services & Fees · Blue Diamond Medical,"Fees for uninsured medical services, forms, and administrative tasks at Blue Diamond Medical Clinic, plus no-show fees.",REVIEW_IN_PROGRESS,NO
/en/medical/weight-management,200,CMS_AUTHORITATIVE,content_entry,/medical/weight-management,Weight Management · Blue Diamond Medical,AHS-insured weight management support as part of your comprehensive care with your family physician.,REVIEW_IN_PROGRESS,NO
/en/our-team,200,REPOSITORY_AUTHORITATIVE,page,/our-team,Our Team · Blue Diamond Medical,"Meet the team behind Blue Diamond Medical Clinic in West Springs, Calgary — six family physicians providing comprehensive care.",REVIEW_IN_PROGRESS,NO
/en/our-team/ahmed-gwea,200,CMS_AUTHORITATIVE,person_profile,/our-team/ahmed-gwea,Dr. Ahmed Gwea · Blue Diamond Medical,Dr. Ahmed Gwea completed his Family Medicine residency at Hamad Medical Corporation in Qatar and holds a Diploma in Dermatology from the Royal College of P,REVIEW_IN_PROGRESS,NO
/en/our-team/bakare,200,CMS_AUTHORITATIVE,person_profile,/our-team/bakare,Dr. Bakare · Blue Diamond Medical,Dr. Bakare has been a family physician since 2006 and currently maintains hospital credentials as a hospitalist. He has extensive experience in chronic dis,REVIEW_IN_PROGRESS,NO
/en/our-team/mohamed-farhat,200,CMS_AUTHORITATIVE,person_profile,/our-team/mohamed-farhat,Dr. Mohamed Farhat · Blue Diamond Medical,"Dr. Mohamed Farhat is a highly experienced family physician with over 30 years of dedicated practice. He is known for his exceptional clinical expertise, c",REVIEW_IN_PROGRESS,NO
/en/our-team/omaima-saeed,200,CMS_AUTHORITATIVE,person_profile,/our-team/omaima-saeed,Dr. Omaima Saeed · Blue Diamond Medical,"Dr. Omaima Saeed is a family physician with postgraduate training in Family Medicine from Pakistan, now practicing in Calgary. She provides comprehensive, ",REVIEW_IN_PROGRESS,NO
/en/our-team/omonijo,200,CMS_AUTHORITATIVE,person_profile,/our-team/omonijo,Dr. Omonijo · Blue Diamond Medical,Dr. Omonijo has 12 years of experience across community and hospital settings and completed her Family Medicine residency in the United Kingdom. She is one,REVIEW_IN_PROGRESS,NO
/en/our-team/reem-hamdi,200,CMS_AUTHORITATIVE,person_profile,/our-team/reem-hamdi,Dr. Reem Hamdi · Blue Diamond Medical,Dr. Hamdi finished her Family Medicine Residency at the University of Calgary in 2015 followed by additional training (R3) in maternity and newborn care. S,REVIEW_IN_PROGRESS,NO
/en/patient-resources,200,REPOSITORY_AUTHORITATIVE,page,/patient-resources,Patient Resources · Blue Diamond Medical,"Clinic policies, no-show fees, prescription refills, and confidentiality at Blue Diamond Medical Clinic.",REVIEW_IN_PROGRESS,NO
/en/shop,200,REPOSITORY_AUTHORITATIVE,,,Products · Blue Diamond Medical,"Browse the SkinMedica and Myriade professional skincare catalogue carried by Blue Diamond Medical Clinic — 54 products across cleansers, serums, moisturizers, sunscreen, and more.",REVIEW_IN_PROGRESS,NO
/en/shop/aha-bha-cream,200,CMS_AUTHORITATIVE,content_entry,/shop/aha-bha-cream,AHA/BHA Cream · Blue Diamond Medical,"A leave-on AHA/BHA exfoliating cream, distinct from the AHA/BHA Exfoliating Cleanser, which is rinsed off.",REVIEW_IN_PROGRESS,NO
/en/shop/aha-bha-exfoliating-cleanser,200,CMS_AUTHORITATIVE,content_entry,/shop/aha-bha-exfoliating-cleanser,AHA/BHA Exfoliating Cleanser · Blue Diamond Medical,An exfoliating cleanser combining alpha- and beta-hydroxy acids to cleanse and exfoliate in one step.,REVIEW_IN_PROGRESS,NO
/en/shop/aha-bha-lotion,200,REPOSITORY_AUTHORITATIVE,,,The AHA BHA Lotion · Blue Diamond Medical,"The AHA BHA Lotion — Myriade professional skincare, carried by Blue Diamond Medical Clinic.",REVIEW_IN_PROGRESS,NO
/en/shop/aha-cream,200,REPOSITORY_AUTHORITATIVE,,,The AHA Cream · Blue Diamond Medical,"The AHA Cream — Myriade professional skincare, carried by Blue Diamond Medical Clinic.",REVIEW_IN_PROGRESS,NO
/en/shop/aha-mask,200,REPOSITORY_AUTHORITATIVE,,,The AHA Mask · Blue Diamond Medical,"The AHA Mask — Myriade professional skincare, carried by Blue Diamond Medical Clinic.",REVIEW_IN_PROGRESS,NO
/en/shop/balancing-tonic-solution,200,REPOSITORY_AUTHORITATIVE,,,The Balancing Tonic Solution · Blue Diamond Medical,"The Balancing Tonic Solution — Myriade professional skincare, carried by Blue Diamond Medical Clinic.",REVIEW_IN_PROGRESS,NO
/en/shop/c-eye-contour,200,REPOSITORY_AUTHORITATIVE,,,The C Eye Contour · Blue Diamond Medical,"The C Eye Contour — Myriade professional skincare, carried by Blue Diamond Medical Clinic.",REVIEW_IN_PROGRESS,NO
/en/shop/c-retinol,200,REPOSITORY_AUTHORITATIVE,,,The C-Retinol · Blue Diamond Medical,"The C-Retinol — Myriade professional skincare, carried by Blue Diamond Medical Clinic.",REVIEW_IN_PROGRESS,NO
/en/shop/c-serum,200,REPOSITORY_AUTHORITATIVE,,,The C-Serum · Blue Diamond Medical,"The C-Serum — Myriade professional skincare, carried by Blue Diamond Medical Clinic.",REVIEW_IN_PROGRESS,NO
/en/shop/category/anti-aging-repairing,200,REPOSITORY_AUTHORITATIVE,,,Anti-Aging and Repairing · Blue Diamond Medical,Anti-Aging and Repairing — 5 professional skincare products carried by Blue Diamond Medical Clinic.,REVIEW_IN_PROGRESS,NO
/en/shop/category/brightening,200,REPOSITORY_AUTHORITATIVE,,,Brightening · Blue Diamond Medical,Brightening — 3 professional skincare products carried by Blue Diamond Medical Clinic.,REVIEW_IN_PROGRESS,NO
/en/shop/category/cleansers,200,REPOSITORY_AUTHORITATIVE,,,Cleansers · Blue Diamond Medical,Cleansers — 2 professional skincare products carried by Blue Diamond Medical Clinic.,REVIEW_IN_PROGRESS,NO
/en/shop/category/daily-care,200,REPOSITORY_AUTHORITATIVE,,,Daily Care · Blue Diamond Medical,Daily Care — 7 professional skincare products carried by Blue Diamond Medical Clinic.,REVIEW_IN_PROGRESS,NO
/en/shop/category/eye-care,200,REPOSITORY_AUTHORITATIVE,,,Eye Care · Blue Diamond Medical,Eye Care — 1 professional skincare products carried by Blue Diamond Medical Clinic.,REVIEW_IN_PROGRESS,NO
/en/shop/category/kits,200,REPOSITORY_AUTHORITATIVE,,,Kits · Blue Diamond Medical,Kits — 8 professional skincare products carried by Blue Diamond Medical Clinic.,REVIEW_IN_PROGRESS,NO
/en/shop/category/moisturizers,200,REPOSITORY_AUTHORITATIVE,,,Moisturizers · Blue Diamond Medical,Moisturizers — 6 professional skincare products carried by Blue Diamond Medical Clinic.,REVIEW_IN_PROGRESS,NO
/en/shop/category/peels,200,REPOSITORY_AUTHORITATIVE,,,Professional Peels · Blue Diamond Medical,Professional Peels — 2 professional skincare products carried by Blue Diamond Medical Clinic.,REVIEW_IN_PROGRESS,NO
/en/shop/category/professional-care,200,REPOSITORY_AUTHORITATIVE,,,Professional Care · Blue Diamond Medical,Professional Care — 3 professional skincare products carried by Blue Diamond Medical Clinic.,REVIEW_IN_PROGRESS,NO
/en/shop/category/purifying,200,REPOSITORY_AUTHORITATIVE,,,Purifying · Blue Diamond Medical,Purifying — 4 professional skincare products carried by Blue Diamond Medical Clinic.,REVIEW_IN_PROGRESS,NO
/en/shop/category/retinol,200,REPOSITORY_AUTHORITATIVE,,,Retinol · Blue Diamond Medical,Retinol — 3 professional skincare products carried by Blue Diamond Medical Clinic.,REVIEW_IN_PROGRESS,NO
/en/shop/category/scar-care,200,REPOSITORY_AUTHORITATIVE,,,Scar Care · Blue Diamond Medical,Scar Care — 2 professional skincare products carried by Blue Diamond Medical Clinic.,REVIEW_IN_PROGRESS,NO
/en/shop/category/serums,200,REPOSITORY_AUTHORITATIVE,,,Serums · Blue Diamond Medical,Serums — 5 professional skincare products carried by Blue Diamond Medical Clinic.,REVIEW_IN_PROGRESS,NO
/en/shop/category/sunscreen,200,REPOSITORY_AUTHORITATIVE,,,Sunscreen · Blue Diamond Medical,Sunscreen — 4 professional skincare products carried by Blue Diamond Medical Clinic.,REVIEW_IN_PROGRESS,NO
/en/shop/category/treatment-systems,200,REPOSITORY_AUTHORITATIVE,,,Treatment Systems · Blue Diamond Medical,Treatment Systems — 2 professional skincare products carried by Blue Diamond Medical Clinic.,REVIEW_IN_PROGRESS,NO
/en/shop/charcoal-purifier,200,REPOSITORY_AUTHORITATIVE,,,The Charcoal Purifier · Blue Diamond Medical,"The Charcoal Purifier — Myriade professional skincare, carried by Blue Diamond Medical Clinic.",REVIEW_IN_PROGRESS,NO
/en/shop/collagen-activator-serum,200,REPOSITORY_AUTHORITATIVE,,,The Collagen Activator Serum · Blue Diamond Medical,"The Collagen Activator Serum — Myriade professional skincare, carried by Blue Diamond Medical Clinic.",REVIEW_IN_PROGRESS,NO
/en/shop/concern/acne,200,REPOSITORY_AUTHORITATIVE,,,Acne · Blue Diamond Medical,Acne — 1 professional skincare products carried by Blue Diamond Medical Clinic.,REVIEW_IN_PROGRESS,NO
/en/shop/concern/anti-aging,200,REPOSITORY_AUTHORITATIVE,,,Anti-Aging · Blue Diamond Medical,Anti-Aging — 1 professional skincare products carried by Blue Diamond Medical Clinic.,REVIEW_IN_PROGRESS,NO
/en/shop/concern/dry-skin,200,REPOSITORY_AUTHORITATIVE,,,Dry Skin · Blue Diamond Medical,Dry Skin — 0 professional skincare products carried by Blue Diamond Medical Clinic.,REVIEW_IN_PROGRESS,NO
/en/shop/concern/hair-care,200,REPOSITORY_AUTHORITATIVE,,,Hair Care · Blue Diamond Medical,Hair Care — 0 professional skincare products carried by Blue Diamond Medical Clinic.,REVIEW_IN_PROGRESS,NO
/en/shop/concern/pigmentation,200,REPOSITORY_AUTHORITATIVE,,,Pigmentation · Blue Diamond Medical,Pigmentation — 1 professional skincare products carried by Blue Diamond Medical Clinic.,REVIEW_IN_PROGRESS,NO
/en/shop/concern/redness,200,REPOSITORY_AUTHORITATIVE,,,Redness · Blue Diamond Medical,Redness — 0 professional skincare products carried by Blue Diamond Medical Clinic.,REVIEW_IN_PROGRESS,NO
/en/shop/daily-physical-defense-spf-34,200,CMS_AUTHORITATIVE,content_entry,/shop/daily-physical-defense-spf-34,Daily Physical Defense® SPF 34 · Blue Diamond Medical,"An oil-free, fragrance-free dual-mineral sunscreen providing broad-spectrum UVA/UVB protection.",REVIEW_IN_PROGRESS,NO
/en/shop/dermal-repair-cream,200,CMS_AUTHORITATIVE,content_entry,/shop/dermal-repair-cream,Dermal Repair Cream · Blue Diamond Medical,"An ultra-rich facial cream intended to intensely hydrate and help replenish moisture, suited to normal-to-dry skin.",REVIEW_IN_PROGRESS,NO
/en/shop/dermo-repair-complex-1,200,REPOSITORY_AUTHORITATIVE,,,The Dermo-Repair Complex 1 · Blue Diamond Medical,"The Dermo-Repair Complex 1 — Myriade professional skincare, carried by Blue Diamond Medical Clinic.",REVIEW_IN_PROGRESS,NO
/en/shop/dermo-repair-complex-2,200,REPOSITORY_AUTHORITATIVE,,,The Dermo-Repair Complex 2 · Blue Diamond Medical,"The Dermo-Repair Complex 2 — Myriade professional skincare, carried by Blue Diamond Medical Clinic.",REVIEW_IN_PROGRESS,NO
/en/shop/facial-cleanser,200,CMS_AUTHORITATIVE,content_entry,/shop/facial-cleanser,Facial Cleanser · Blue Diamond Medical,"A foaming daily cleanser formulated for all skin types, with panthenol to support healthy-looking skin.",REVIEW_IN_PROGRESS,NO
/en/shop/ha5-rejuvenative-hydrator,200,CMS_AUTHORITATIVE,content_entry,/shop/ha5-rejuvenative-hydrator,HA5® Rejuvenating Hydrator · Blue Diamond Medical,"A hydrating serum blending five forms of hyaluronic acid, for all skin types.",REVIEW_IN_PROGRESS,NO
/en/shop/lift-eye-contour,200,REPOSITORY_AUTHORITATIVE,,,The Lift Eye Contour · Blue Diamond Medical,"The Lift Eye Contour — Myriade professional skincare, carried by Blue Diamond Medical Clinic.",REVIEW_IN_PROGRESS,NO
/en/shop/lumivive-system-day-night,200,CMS_AUTHORITATIVE,content_entry,/shop/lumivive-system-day-night,"Lumivive® System Day, Night · Blue Diamond Medical","A two-step day-and-night system: a daytime step formulated to help shield skin from blue light and environmental stress, and a nighttime step formulated to support skin's overnight repair process.",REVIEW_IN_PROGRESS,NO
/en/shop/lytera-2-pigment-brightening-serum,200,CMS_AUTHORITATIVE,content_entry,/shop/lytera-2-pigment-brightening-serum,Lytera® 2.0 Pigment Brightening Serum · Blue Diamond Medical,An evening serum formulated to address the appearance of stubborn skin discoloration.,REVIEW_IN_PROGRESS,NO
/en/shop/micro-needle-care,200,REPOSITORY_AUTHORITATIVE,,,Micro-Needle Care · Blue Diamond Medical,"Micro-Needle Care — Myriade professional skincare, carried by Blue Diamond Medical Clinic.",REVIEW_IN_PROGRESS,NO
/en/shop/mineral-sunscreen-spf-30,200,REPOSITORY_AUTHORITATIVE,,,The Mineral Sunscreen SPF 30 · Blue Diamond Medical,"The Mineral Sunscreen SPF 30 — Myriade professional skincare, carried by Blue Diamond Medical Clinic.",REVIEW_IN_PROGRESS,NO
/en/shop/normal-skin-kit,200,REPOSITORY_AUTHORITATIVE,,,Normal Skin Kit · Blue Diamond Medical,"Normal Skin Kit — Myriade professional skincare, carried by Blue Diamond Medical Clinic.",REVIEW_IN_PROGRESS,NO
/en/shop/oily-skin-kit,200,REPOSITORY_AUTHORITATIVE,,,Oily Skin Kit · Blue Diamond Medical,"Oily Skin Kit — Myriade professional skincare, carried by Blue Diamond Medical Clinic.",REVIEW_IN_PROGRESS,NO
/en/shop/oily-skin-problem-kit,200,REPOSITORY_AUTHORITATIVE,,,Oily Skin Problem Kit · Blue Diamond Medical,"Oily Skin Problem Kit — Myriade professional skincare, carried by Blue Diamond Medical Clinic.",REVIEW_IN_PROGRESS,NO
/en/shop/pigmentary-disorders-kit,200,REPOSITORY_AUTHORITATIVE,,,Pigmentary Disorders Kit · Blue Diamond Medical,"Pigmentary Disorders Kit — Myriade professional skincare, carried by Blue Diamond Medical Clinic.",REVIEW_IN_PROGRESS,NO
/en/shop/protective-day-cream,200,REPOSITORY_AUTHORITATIVE,,,The Protective Day Cream · Blue Diamond Medical,"The Protective Day Cream — Myriade professional skincare, carried by Blue Diamond Medical Clinic.",REVIEW_IN_PROGRESS,NO
/en/shop/protective-fluid,200,REPOSITORY_AUTHORITATIVE,,,The Protective Fluid · Blue Diamond Medical,"The Protective Fluid — Myriade professional skincare, carried by Blue Diamond Medical Clinic.",REVIEW_IN_PROGRESS,NO
/en/shop/redness-kit,200,REPOSITORY_AUTHORITATIVE,,,Redness Kit · Blue Diamond Medical,"Redness Kit — Myriade professional skincare, carried by Blue Diamond Medical Clinic.",REVIEW_IN_PROGRESS,NO
/en/shop/regenerating,200,REPOSITORY_AUTHORITATIVE,,,The Regenerating · Blue Diamond Medical,"The Regenerating — Myriade professional skincare, carried by Blue Diamond Medical Clinic.",REVIEW_IN_PROGRESS,NO
/en/shop/rejuvenative-moisturizer,200,CMS_AUTHORITATIVE,content_entry,/shop/rejuvenative-moisturizer,Rejuvenative Moisturizer · Blue Diamond Medical,A moisturizing cream formulated to restore and maintain skin's natural moisture balance.,REVIEW_IN_PROGRESS,NO
/en/shop/repair-kit,200,REPOSITORY_AUTHORITATIVE,,,Repair Kit · Blue Diamond Medical,"Repair Kit — Myriade professional skincare, carried by Blue Diamond Medical Clinic.",REVIEW_IN_PROGRESS,NO
/en/shop/replenish-hydrating-cream,200,CMS_AUTHORITATIVE,content_entry,/shop/replenish-hydrating-cream,Replenish Hydrating Cream · Blue Diamond Medical,"A hydrating cream formulated to restore moisture levels for smoother, softer, more balanced-feeling skin.",REVIEW_IN_PROGRESS,NO
/en/shop/retinol-complex-0-25,200,CMS_AUTHORITATIVE,content_entry,/shop/retinol-complex-0-25,Retinol Complex 0.25 · Blue Diamond Medical,The lowest of three Retinol Complex strengths — a starting point for those new to retinol.,REVIEW_IN_PROGRESS,NO
/en/shop/retinol-complex-0-5,200,CMS_AUTHORITATIVE,content_entry,/shop/retinol-complex-0-5,Retinol Complex 0.5 · Blue Diamond Medical,The mid-strength Retinol Complex — for those who have built tolerance beyond the 0.25 strength.,REVIEW_IN_PROGRESS,NO
/en/shop/retinol-complex-1-0,200,CMS_AUTHORITATIVE,content_entry,/shop/retinol-complex-1-0,Retinol Complex 1.0 · Blue Diamond Medical,"The highest of three Retinol Complex strengths, for skin that has already built tolerance to retinol.",REVIEW_IN_PROGRESS,NO
/en/shop/scar-recovery-gel-with-centelline-large,200,CMS_AUTHORITATIVE,content_entry,/shop/scar-recovery-gel-with-centelline-large,Scar Recovery Gel with Centelline® (Large) · Blue Diamond Medical,"A lightweight gel formulated to help minimize the appearance of scars, in the larger of two approved sizes.",REVIEW_IN_PROGRESS,NO
/en/shop/scar-recovery-gel-with-centelline-small,200,CMS_AUTHORITATIVE,content_entry,/shop/scar-recovery-gel-with-centelline-small,Scar Recovery Gel with Centelline® (Small) · Blue Diamond Medical,"A lightweight gel formulated to help minimize the appearance of scars, in the smaller of two approved sizes.",REVIEW_IN_PROGRESS,NO
/en/shop/skin-resurfacing-kit,200,REPOSITORY_AUTHORITATIVE,,,Skin Resurfacing Kit · Blue Diamond Medical,"Skin Resurfacing Kit — Myriade professional skincare, carried by Blue Diamond Medical Clinic.",REVIEW_IN_PROGRESS,NO
/en/shop/skin-resurfacing-support-kit,200,REPOSITORY_AUTHORITATIVE,,,Skin Resurfacing Support Kit · Blue Diamond Medical,"Skin Resurfacing Support Kit — Myriade professional skincare, carried by Blue Diamond Medical Clinic.",REVIEW_IN_PROGRESS,NO
/en/shop/soothing-gel,200,REPOSITORY_AUTHORITATIVE,,,The Soothing Gel · Blue Diamond Medical,"The Soothing Gel — Myriade professional skincare, carried by Blue Diamond Medical Clinic.",REVIEW_IN_PROGRESS,NO
/en/shop/soothing-mask,200,REPOSITORY_AUTHORITATIVE,,,The Soothing Mask · Blue Diamond Medical,"The Soothing Mask — Myriade professional skincare, carried by Blue Diamond Medical Clinic.",REVIEW_IN_PROGRESS,NO
/en/shop/the-brightening-peeling,200,REPOSITORY_AUTHORITATIVE,,,THE BRIGHTENING PEELING · Blue Diamond Medical,"THE BRIGHTENING PEELING — Myriade professional skincare, carried by Blue Diamond Medical Clinic.",REVIEW_IN_PROGRESS,NO
/en/shop/the-cleanser,200,REPOSITORY_AUTHORITATIVE,,,The Cleanser · Blue Diamond Medical,"The Cleanser — Myriade professional skincare, carried by Blue Diamond Medical Clinic.",REVIEW_IN_PROGRESS,NO
/en/shop/the-purifying-peeling,200,REPOSITORY_AUTHORITATIVE,,,THE PURIFYING PEELING · Blue Diamond Medical,"THE PURIFYING PEELING — Myriade professional skincare, carried by Blue Diamond Medical Clinic.",REVIEW_IN_PROGRESS,NO
/en/shop/tns-advanced-plus-serum,200,CMS_AUTHORITATIVE,content_entry,/shop/tns-advanced-plus-serum,TNS® Advanced+ Serum · Blue Diamond Medical,"A serum built on SkinMedica's TNS® growth-factor technology, formulated to support collagen production and cellular activity.",REVIEW_IN_PROGRESS,NO
/en/shop/tns-ceramide-treatment-cream,200,CMS_AUTHORITATIVE,content_entry,/shop/tns-ceramide-treatment-cream,TNS Ceramide Treatment Cream® · Blue Diamond Medical,"A moisture cream formulated to help heal, mend, and soothe severely dry, damaged, or compromised skin.",REVIEW_IN_PROGRESS,NO
/en/shop/tns-eye-repair,200,CMS_AUTHORITATIVE,content_entry,/shop/tns-eye-repair,TNS® Eye Repair · Blue Diamond Medical,"A treatment for the skin around the eyes, combining SkinMedica's TNS® growth-factor technology with peptides and vitamins A, C, and E.",REVIEW_IN_PROGRESS,NO
/en/shop/tns-recovery-complex,200,CMS_AUTHORITATIVE,content_entry,/shop/tns-recovery-complex,TNS Recovery Complex® · Blue Diamond Medical,A concentrated growth-factor serum formulated to help reduce the appearance of fine lines and wrinkles while improving skin tone and texture.,REVIEW_IN_PROGRESS,NO
/en/shop/total-defence-repair-spf-34-clear,200,CMS_AUTHORITATIVE,content_entry,/shop/total-defence-repair-spf-34-clear,Total Defense + Repair SPF 34 (Clear) · Blue Diamond Medical,"A broad-spectrum SPF 34 sunscreen in a clear, untinted formula, for daily use.",REVIEW_IN_PROGRESS,NO
/en/shop/total-defence-repair-spf-34-tinted,200,CMS_AUTHORITATIVE,content_entry,/shop/total-defence-repair-spf-34-tinted,Total Defense + Repair SPF 34 (Tinted) · Blue Diamond Medical,"A broad-spectrum SPF 34 sunscreen with sheer tinted coverage, for daily use.",REVIEW_IN_PROGRESS,NO
/en/shop/ultra-protective,200,REPOSITORY_AUTHORITATIVE,,,The Ultra Protective · Blue Diamond Medical,"The Ultra Protective — Myriade professional skincare, carried by Blue Diamond Medical Clinic.",REVIEW_IN_PROGRESS,NO
/en/shop/ultra-sheer-moisturizer,200,CMS_AUTHORITATIVE,content_entry,/shop/ultra-sheer-moisturizer,Ultra Sheer Moisturizer · Blue Diamond Medical,"A lightweight, oil-free moisturizer enriched with vitamins C and E.",REVIEW_IN_PROGRESS,NO
/en/shop/vitamin-c-e-complex,200,CMS_AUTHORITATIVE,content_entry,/shop/vitamin-c-e-complex,Vitamin C+E Complex · Blue Diamond Medical,"A morning antioxidant serum combining vitamin C and vitamin E, formulated to release gradually through the day.",REVIEW_IN_PROGRESS,NO
